[
  {
    "name": "Matthew",
    "age": 25,
    "email": "matt@example.com",
    "noOfSeats": 3,
    "theatreName": "PVR Cinemas",
    "bookingDate": "October 14, 2021",
    "timeSlot": "11:00 AM - 1:00 PM",
    "movieTitle": "Interstellar",
    "isPassHolder": true,
    "showPrice": 150,
    "pass": {
      "passType": "golden",
      "moviesLeft": 4
    },

    "seats": [
      {
        "seatType": "Diamond",
        "seatNumber": 10
      },
      {
        "seatType": "Diamond",
        "seatNumber": 11
      },
      {
        "seatType": "Diamond",
        "seatNumber": 12
      }
    ],
    "totalAmount": 450,
    "convenienceFee": 85,
    "totalPayable": 535
  },

  {
    "name": "Emma",
    "age": 32,
    "email": "emma@example.com",
    "noOfSeats": 3,
    "theatreName": "AMC Theatres",
    "bookingDate": "October 15, 2021",
    "timeSlot": "3:00 PM - 5:00 PM",
    "movieTitle": "Inception",
    "isPassHolder": false,
    "showPrice": 150,
    "pass": {
      "passType": "golden",
      "moviesLeft": 4
    },

    "seats": [
      {
        "seatType": "Platinum",
        "seatNumber": 6
      },
      {
        "seatType": "Platinum",
        "seatNumber": 7
      },
      {
        "seatType": "Platinum",
        "seatNumber": 11
      }
    ],
    "totalAmount": 450,
    "convenienceFee": 85,
    "totalPayable": 535
  },

  {
    "name": "James",
    "age": 27,
    "email": "james@example.com",
    "noOfSeats": 4,
    "theatreName": "Regal Cinemas",
    "bookingDate": "October 16, 2021",
    "timeSlot": "7:00 PM - 9:00 PM",
    "isPassHolder": true,
    "showPrice": 150,
    "pass": {
      "passType": "golden",
      "moviesLeft": 4
    },

    "seats": [
      {
        "seatType": "Diamond",
        "seatNumber": 10
      },
      {
        "seatType": "Diamond",
        "seatNumber": 11
      },
      {
        "seatType": "Diamond",
        "seatNumber": 12
      },
      {
        "seatType": "Diamond",
        "seatNumber": 13
      }
    ],
    "totalAmount": 600,
    "convenienceFee": 108,
    "totalPayable": 708
  }
]
