[
  {
    "title": "The Goat Life",
    "image": "https://image.tmdb.org/t/p/original/l7z3Skv1xLASnUt0whC4IInaXt0.jpg",
    "genre": "Adventure/Drama"
  },
  {
    "title": "The Family Star",
    "image": "https://image.tmdb.org/t/p/original/wcPPVnioL7vbeAuplDhq6PEkRPq.jpg",
    "genre": "Action/Comedy/Family"
  },
  {
    "title": "Tillu Sqaure",
    "image": "https://image.tmdb.org/t/p/original/bdzi5up1CnAyeAyptLoIq5HiHJn.jpg",
    "genre": "Action/Comedy/Romantic"
  },
  {
    "title": "Bade Miyan Chote Miyan",
    "image": "https://image.tmdb.org/t/p/original/brlLJx1WntkSE6K7nAkwWINv379.jpg",
    "genre": "Action/Comedy/Thriller"
  }
]
