[
  {
    "id": 202,
    "name": "NAAN-SHOWS",
    "amenities": ["AC", "DOLBY ATMOS", "8DX"],
    "capacity": 500,
    "goldCapacity": 250,
    "diamondCapacity": 150,
    "platinumCapacity": 100,
    "movie": {
      "id": 1,
      "name": "Titanic",
      "genre": ["Adventurous", "Epic", "Romance"],
      "language": "English",
      "rating": 4.9,
      "releaseDate": "1991-10-10T00:00:00.000+00:00",
      "trailerUrl": "https://www.youtube.com/embed/kVrqfYjkTdQ",
      "imageUrl": "https://image.tmdb.org/t/p/original/wOFY2xA3D3VHi3G6DPtrXXhPrqQ.jpg",
      "description": " A seventeen-year-old aristocrat falls in love with a kind but poor artist aboard the luxurious, ill-fated R.M.S. Titanic."
    },
    "showTime": [
      {
        "id": 1,
        "time": "11:00",
        "price": 100,
        "goldRemaining": 250,
        "diamondRemaining": 150,
        "platinumRemaining": 100
      },
      {
        "id": 2,
        "time": "02:00",
        "price": 150,
        "goldRemaining": 250,
        "diamondRemaining": 150,
        "platinumRemaining": 100
      },
      {
        "id": 1,
        "time": "07:00",
        "price": 200,
        "goldRemaining": 250,
        "diamondRemaining": 150,
        "platinumRemaining": 100
      }
    ],
    "location": "Nagari"
  },
  {
    "id": 252,
    "name": "PVR Cinemas",
    "amenities": ["AC", "IMAX", "DOLBY ATMOS"],
    "capacity": 800,
    "goldCapacity": 400,
    "diamondCapacity": 250,
    "platinumCapacity": 150,
    "movie": {
      "id": 10,
      "name": "Inception",
      "genre": ["Action", "Adventure", "Sci-Fi"],
      "language": "English",
      "rating": 4.8,
      "releaseDate": "2010-07-16T00:00:00.000+00:00",
      "trailerUrl": "https://www.youtube.com/embed/YoHD9XEInc0",
      "imageUrl": "https://image.tmdb.org/t/p/original/ii8QGacT3MXESqBckQlyrATY0lT.jpg",
      "description": "A thief who enters the dreams of others to steal their secrets from their subconscious. His skill has made him a hot commodity in the world of corporate espionage but has also cost him everything he loves."
    },
    "showTime": [
      {
        "id": 1,
        "time": "11:00 AM",
        "price": 100,
        "goldRemaining": 250,
        "diamondRemaining": 150,
        "platinumRemaining": 100
      },
      {
        "id": 2,
        "time": "02:00 PM",
        "price": 150,
        "goldRemaining": 250,
        "diamondRemaining": 150,
        "platinumRemaining": 100
      },
      {
        "id": 1,
        "time": "07:00 PM",
        "price": 200,
        "goldRemaining": 250,
        "diamondRemaining": 150,
        "platinumRemaining": 100
      }
    ],
    "location": "Nagari"
  },
  {
    "id": 253,
    "name": "Silver Screens",
    "amenities": ["AC", "IMAX", "DOLBY ATMOS"],
    "capacity": 600,
    "goldCapacity": 300,
    "diamondCapacity": 200,
    "platinumCapacity": 100,
    "movie": {
      "id": 10,
      "name": "Inception",
      "genre": ["Action", "Adventure", "Sci-Fi"],
      "language": "English",
      "rating": 4.8,
      "releaseDate": "2010-07-16T00:00:00.000+00:00",
      "trailerUrl": "https://www.youtube.com/embed/YoHD9XEInc0",
      "imageUrl": "https://image.tmdb.org/t/p/original/ii8QGacT3MXESqBckQlyrATY0lT.jpg",
      "description": "A thief who enters the dreams of others to steal their secrets from their subconscious. His skill has made him a hot commodity in the world of corporate espionage but has also cost him everything he loves."
    },
    "showTime": [
      {
        "id": 1,
        "time": "11:00 AM",
        "price": 100,
        "goldRemaining": 250,
        "diamondRemaining": 150,
        "platinumRemaining": 100
      },
      {
        "id": 2,
        "time": "02:00 PM",
        "price": 150,
        "goldRemaining": 250,
        "diamondRemaining": 150,
        "platinumRemaining": 100
      },
      {
        "id": 1,
        "time": "07:00 PM",
        "price": 200,
        "goldRemaining": 250,
        "diamondRemaining": 150,
        "platinumRemaining": 100
      }
    ],
    "location": "Los Angeles"
  },
  {
    "id": 256,
    "name": "Silver Screens",
    "amenities": ["AC", "IMAX", "DOLBY ATMOS"],
    "capacity": 600,
    "goldCapacity": 300,
    "diamondCapacity": 200,
    "platinumCapacity": 100,
    "movie": {
      "id": 102,
      "name": "Avatar",
      "genre": ["Action", "Adventure", "Fantasy"],
      "language": "English",
      "rating": 4.8,
      "releaseDate": "2009-12-18T00:00:00.000+00:00",
      "trailerUrl": "https://www.youtube.com/embed/5PSNL1qE6VY",
      "imageUrl": "https://image.tmdb.org/t/p/original/6EiRUJpuoeQPghrs3YNktfnqOVh.jpg",
      "description": "A paraplegic Marine dispatched to the moon Pandora on a unique mission becomes torn between following his orders and protecting the world he feels is his home."
    },
    "showTime": [
      {
        "id": 1,
        "time": "11:00 AM",
        "price": 100,
        "goldRemaining": 250,
        "diamondRemaining": 150,
        "platinumRemaining": 100
      },
      {
        "id": 2,
        "time": "02:00 PM",
        "price": 150,
        "goldRemaining": 250,
        "diamondRemaining": 150,
        "platinumRemaining": 100
      },
      {
        "id": 1,
        "time": "07:00 PM",
        "price": 200,
        "goldRemaining": 250,
        "diamondRemaining": 150,
        "platinumRemaining": 100
      }
    ],
    "location": "Nagari"
  },
  {
    "id": 101,
    "name": "Golden Cinemas",
    "amenities": ["AC", "4DX", "DOLBY ATMOS"],
    "capacity": 500,
    "goldCapacity": 200,
    "diamondCapacity": 150,
    "platinumCapacity": 100,
    "movie": {
      "id": 1001,
      "name": "Spider-Man: No Way Home",
      "genre": ["Action", "Adventure", "Fantasy"],
      "language": "English",
      "rating": 4.8,
      "releaseDate": "2021-12-17T00:00:00.000+00:00",
      "trailerUrl": "https://www.youtube.com/embed/WgUROo7n24E",
      "imageUrl": "https://image.tmdb.org/t/p/original/7F0kvpC0rH2tBwxah5hJ5JSmzjG.jpg",
      "description": "With Spider-Man's identity now revealed, Peter asks Doctor Strange for help. When a spell goes wrong, dangerous foes from other worlds start to appear, forcing Peter to discover what it truly means to be Spider-Man."
    },
    "showTime": [
      {
        "id": 1,
        "time": "11:00 AM",
        "price": 150,
        "goldRemaining": 180,
        "diamondRemaining": 120,
        "platinumRemaining": 80
      },
      {
        "id": 2,
        "time": "03:00 PM",
        "price": 200,
        "goldRemaining": 180,
        "diamondRemaining": 120,
        "platinumRemaining": 80
      },
      {
        "id": 3,
        "time": "07:00 PM",
        "price": 250,
        "goldRemaining": 180,
        "diamondRemaining": 120,
        "platinumRemaining": 80
      }
    ],
    "location": "New York"
  },
  {
    "id": 102,
    "name": "Diamond Theatres",
    "amenities": ["AC", "IMAX", "D-BOX"],
    "capacity": 700,
    "goldCapacity": 300,
    "diamondCapacity": 200,
    "platinumCapacity": 200,
    "movie": {
      "id": 1005,
      "name": "Dune",
      "genre": ["Action", "Adventure", "Drama"],
      "language": "English",
      "rating": 4.9,
      "releaseDate": "2021-09-15T00:00:00.000+00:00",
      "trailerUrl": "https://www.youtube.com/embed/8g18jFHCLXk",
      "imageUrl": "https://image.tmdb.org/t/p/original/9dKCd55IuTT5QRs989m9Qlb7d2B.jpg",
      "description": "Paul Atreides, a brilliant and gifted young man born into a great destiny beyond his understanding, must travel to the most dangerous planet in the universe to ensure the future of his family and people."
    },
    "showTime": [
      {
        "id": 1,
        "time": "10:00 AM",
        "price": 150,
        "goldRemaining": 280,
        "diamondRemaining": 180,
        "platinumRemaining": 180
      },
      {
        "id": 2,
        "time": "02:00 PM",
        "price": 200,
        "goldRemaining": 280,
        "diamondRemaining": 180,
        "platinumRemaining": 180
      },
      {
        "id": 3,
        "time": "06:00 PM",
        "price": 250,
        "goldRemaining": 280,
        "diamondRemaining": 180,
        "platinumRemaining": 180
      }
    ],
    "location": "Arrakis"
  },
  {
    "id": 101,
    "name": "Platinum Cinemas",
    "amenities": ["AC", "IMAX", "4DX"],
    "capacity": 800,
    "goldCapacity": 350,
    "diamondCapacity": 250,
    "platinumCapacity": 200,
    "movie": {
      "id": 1006,
      "name": "Avengers: Endgame",
      "genre": ["Action", "Adventure", "Sci-Fi"],
      "language": "English",
      "rating": 4.7,
      "releaseDate": "2019-04-26T00:00:00.000+00:00",
      "trailerUrl": "https://www.youtube.com/embed/TcMBFSGVi1c",
      "imageUrl": "https://image.tmdb.org/t/p/original/or06FN3Dka5tukK1e9sl16pB3iy.jpg",
      "description": "After the devastating events of Avengers: Infinity War, the universe is in ruins. With the help of remaining allies, the Avengers assemble once more in order to reverse Thanos' actions and restore balance to the universe."
    },
    "showTime": [
      {
        "id": 1,
        "time": "10:00 AM",
        "price": 150,
        "goldRemaining": 320,
        "diamondRemaining": 200,
        "platinumRemaining": 180
      },
      {
        "id": 2,
        "time": "02:00 PM",
        "price": 200,
        "goldRemaining": 320,
        "diamondRemaining": 200,
        "platinumRemaining": 180
      },
      {
        "id": 3,
        "time": "06:00 PM",
        "price": 250,
        "goldRemaining": 320,
        "diamondRemaining": 200,
        "platinumRemaining": 180
      }
    ],
    "location": "New York"
  },
  {
    "id": 1024,
    "name": "Diamond Theatres",
    "amenities": ["AC", "IMAX", "D-BOX"],
    "capacity": 700,
    "goldCapacity": 300,
    "diamondCapacity": 200,
    "platinumCapacity": 200,
    "movie": {
      "id": 1006,
      "name": "Avengers: Endgame",
      "genre": ["Action", "Adventure", "Sci-Fi"],
      "language": "English",
      "rating": 4.7,
      "releaseDate": "2019-04-26T00:00:00.000+00:00",
      "trailerUrl": "https://www.youtube.com/embed/TcMBFSGVi1c",
      "imageUrl": "https://image.tmdb.org/t/p/original/or06FN3Dka5tukK1e9sl16pB3iy.jpg",
      "description": "After the devastating events of Avengers: Infinity War, the universe is in ruins. With the help of remaining allies, the Avengers assemble once more in order to reverse Thanos' actions and restore balance to the universe."
    },
    "showTime": [
      {
        "id": 1,
        "time": "10:00 AM",
        "price": 150,
        "goldRemaining": 280,
        "diamondRemaining": 180,
        "platinumRemaining": 180
      },
      {
        "id": 2,
        "time": "02:00 PM",
        "price": 200,
        "goldRemaining": 280,
        "diamondRemaining": 180,
        "platinumRemaining": 180
      },
      {
        "id": 3,
        "time": "06:00 PM",
        "price": 250,
        "goldRemaining": 280,
        "diamondRemaining": 180,
        "platinumRemaining": 180
      }
    ],
    "location": "Arrakis"
  },

  {
    "id": 103,
    "name": "Golden Theatres",
    "amenities": ["AC", "IMAX", "Dolby Atmos"],
    "capacity": 750,
    "goldCapacity": 350,
    "diamondCapacity": 200,
    "platinumCapacity": 200,
    "movie": {
      "id": 4,
      "name": "Pulp Fiction",
      "genre": ["Crime", "Drama"],
      "language": "English",
      "rating": 8.9,
      "releaseDate": "1994-10-14T00:00:00.000+00:00",
      "trailerUrl": "https://www.youtube.com/embed/s7EdQ4FqbhY",
      "imageUrl": "https://image.tmdb.org/t/p/original/dM2w364MScsjFf8pfMbaWUcWrR.jpg",
      "description": "The lives of two mob hitmen, a boxer, a gangster and his wife, and a pair of diner bandits intertwine in four tales of violence and redemption."
    },
    "showTime": [
      {
        "id": 1,
        "time": "11:00 AM",
        "price": 120,
        "goldRemaining": 300,
        "diamondRemaining": 180,
        "platinumRemaining": 150
      },
      {
        "id": 2,
        "time": "03:00 PM",
        "price": 180,
        "goldRemaining": 300,
        "diamondRemaining": 180,
        "platinumRemaining": 150
      },
      {
        "id": 3,
        "time": "07:00 PM",
        "price": 220,
        "goldRemaining": 300,
        "diamondRemaining": 180,
        "platinumRemaining": 150
      }
    ],
    "location": "Los Angeles"
  },
  {
    "id": 104,
    "name": "Starlight Cinemas",
    "amenities": ["AC", "Dolby Atmos"],
    "capacity": 600,
    "goldCapacity": 250,
    "diamondCapacity": 200,
    "platinumCapacity": 150,
    "movie": {
      "id": 4,
      "name": "Pulp Fiction",
      "genre": ["Crime", "Drama"],
      "language": "English",
      "rating": 8.9,
      "releaseDate": "1994-10-14T00:00:00.000+00:00",
      "trailerUrl": "https://www.youtube.com/embed/s7EdQ4FqbhY",
      "imageUrl": "https://image.tmdb.org/t/p/original/dM2w364MScsjFf8pfMbaWUcWrR.jpg",
      "description": "The lives of two mob hitmen, a boxer, a gangster and his wife, and a pair of diner bandits intertwine in four tales of violence and redemption."
    },
    "showTime": [
      {
        "id": 1,
        "time": "12:00 PM",
        "price": 100,
        "goldRemaining": 230,
        "diamondRemaining": 180,
        "platinumRemaining": 120
      },
      {
        "id": 2,
        "time": "04:00 PM",
        "price": 150,
        "goldRemaining": 230,
        "diamondRemaining": 180,
        "platinumRemaining": 120
      },
      {
        "id": 3,
        "time": "08:00 PM",
        "price": 200,
        "goldRemaining": 230,
        "diamondRemaining": 180,
        "platinumRemaining": 120
      }
    ],
    "location": "New York"
  }
]
